Workbook

Sheet 0_Scorecard
A2: State E-Waste Management Scorecard
B3: Live score out of 100, calculated from the 7 data sheets. Set benchmarks in the yellow 'Target/Benchmark' cells.
B5: STATE SCORE | D5: =ROUND(H17,1) -> 57.3 | F5: =_xlfn.IFS(H17>=85,"EXCELLENT",H17>=65,"GOOD",H17>=45,"NEEDS IMPROVEMENT",TRUE(),"CRITICAL") -> NEEDS IMPROVEMENT
B9: # | C9: Category | D9: Weight | E9: Benchmark / Target | F9: Achieved Value | G9: Achievement % | H9: Score Earned
B10: 1 | C10: Generation & Inventory | D10: 15 | E10: 5 | F10: =COUNTIF('1_Generation_Inventory'!C6:C25,"?*") -> 0 | G10: =IFERROR(MIN(F10/E10,1),0) -> 0 | H10: =ROUND(G10*D10,1) -> 0
B11: 2 | C11: Collection Performance | D11: 20 | E11: 1 | F11: =IFERROR('2_Collection_Log'!F27/'2_Collection_Log'!C27,0) -> 0.6 | G11: =IFERROR(MIN(F11/E11,1),0) -> 0.6 | H11: =ROUND(G11*D11,1) -> 12
B12: 3 | C12: Formal Recycling & Treatment | D12: 20 | E12: 1 | F12: =IFERROR(('3_Recycling_Infrastructure'!E28*1000)/'2_Collection_Log'!C27,0) -> 3.6480401 | G12: =IFERROR(MIN(F12/E12,1),0) -> 1 | H12: =ROUND(G12*D12,1) -> 20
B13: 4 | C13: Regulatory Compliance | D13: 15 | E13: 1 | F13: =IFERROR('4_Compliance_Tracker'!C28/'4_Compliance_Tracker'!C29,0) -> 0.75 | G13: =IFERROR(MIN(F13/E13,1),0) -> 0.75 | H13: =ROUND(G13*D13,1) -> 11.3
B14: 5 | C14: Informal Sector Integration | D14: 10 | E14: 1 | F14: =IFERROR('5_Informal_Sector_Hotspots'!C29/'5_Informal_Sector_Hotspots'!C28,0) -> 0 | G14: =IFERROR(MIN(F14/E14,1),0) -> 0 | H14: =ROUND(G14*D14,1) -> 0
B15: 6 | C15: Environmental & Health Safeguards | D15: 10 | E15: 1 | F15: =IFERROR('6_Env_Health_Monitoring'!C28/'5_Informal_Sector_Hotspots'!C28,0) -> 1 | G15: =IFERROR(MIN(F15/E15,1),0) -> 1 | H15: =ROUND(G15*D15,1) -> 10
B16: 7 | C16: Awareness & Outreach | D16: 10 | E16: 20 | F16: ='7_Awareness_Programs'!C28 -> 8 | G16: =IFERROR(MIN(F16/E16,1),0) -> 0.4 | H16: =ROUND(G16*D16,1) -> 4
C17: TOTAL SCORE | D17: =SUM(D10:D16) -> 100 | H17: =SUM(H10:H16) -> 57.3
B19: Score Bands:
B20: 85-100 | C20: Excellent
B21: 65-84 | C21: Good
B22: 45-64 | C22: Needs Improvement
B23: 0-44 | C23: Critical

Sheet Instructions
A2: State E-Waste Management Tracker - Scoring Methodology
B4: A 100-point scorecard for monitoring state-level e-waste generation, collection, formal treatment, compliance, and health/environmental safeguards, in line with the E-Waste (Management) Rules, 2022 (CPCB, India).
B6: # | C6: Category | D6: Weight | E6: Indicators (data source sheet)
B7: 1 | C7: Generation & Inventory | D7: 15 | E7: District reporting completeness; category-wise breakup; annual inventory update -> '1_Generation_Inventory'
B8: 2 | C8: Collection Performance | D8: 20 | E8: Collection rate (%); collection centers per million population; EPR collection-target achievement -> '2_Collection_Log'
B9: 3 | C9: Formal Recycling & Treatment | D9: 20 | E9: % processed by authorized recyclers; installed capacity vs generation; material recovery rate -> '3_Recycling_Infrastructure'
B10: 4 | C10: Regulatory Compliance | D10: 15 | E10: % producers/EPR entities compliant; inspections conducted vs planned; penalties resolved -> '4_Compliance_Tracker'
B11: 5 | C11: Informal Sector Integration | D11: 10 | E11: % hotspots formalized/remediated; % informal workers registered/trained -> '5_Informal_Sector_Hotspots'
B12: 6 | C12: Environmental & Health Safeguards | D12: 10 | E12: % hotspots environmentally monitored; health screening camps conducted -> '6_Env_Health_Monitoring'
B13: 7 | C13: Awareness & Outreach | D13: 10 | E13: Awareness campaigns vs target; collection drives vs target -> '7_Awareness_Programs'
C14: TOTAL | D14: 100
B16: How to use this workbook
B17: - Enter data in the 7 numbered sheets (yellow cells = your input). Each sheet has one grey example row - replace/delete it.
B18: - Set your benchmarks/targets on the '0_Scorecard' sheet (yellow cells) - e.g. collection centers per million population, EPR targets, inspection/campaign targets.
B19: - The '0_Scorecard' sheet pulls live figures from all 7 sheets and computes the state's score out of 100 automatically. Do not overwrite formula cells.
B20: - Score bands (customisable on Scorecard): 85-100 Excellent | 65-84 Good | 45-64 Needs Improvement | Below 45 Critical.
B21: - Re-run this tracker every quarter/year to monitor trend - copy the Scorecard total into a tracking log for year-on-year comparison.

Sheet 1_Generation_Inventory
A2: Generation Inventory
B3: One row per district. Category-wise breakup based on E-Waste (Management) Rules, 2022, Schedule I (simplified). NOTE: 12 of Karnataka's 31 districts are populated here (the largest population / e-waste generating districts) -- see the C5 and J5 cell comments and the '8_Data_Sources_Notes' sheet for full methodology and sources. STATE TOTAL below reflects only these 12 districts, not all 31.
B5: District | C5: Population | D5: IT & Telecom (kg) | E5: Consumer Electrical & Electronics (kg) | F5: Large & Small Equipment (kg) | G5: Lighting Equipment (kg) | H5: Batteries (kg) | I5: Other (kg) | J5: Total Generated (kg) | K5: Date Last Updated
B6: Bengaluru Urban | C6: 10803000 | D6: 3143700 | E6: 2095800 | F6: 3667600 | G6: 314400 | H6: 838300 | I6: 419200 | J6: =SUM(D6:I6) -> 10479000 | K6: 15-06-2026
B7: Belagavi | C7: 5367000 | D7: 1561800 | E7: 1041200 | F7: 1822100 | G7: 156200 | H7: 416500 | I7: 208200 | J7: =IF(SUM(D7:I7)=0,"",SUM(D7:I7)) -> 5206000 | K7: 15-06-2026
B8: Mysuru | C8: 3370000 | D8: 980700 | E8: 653800 | F8: 1144200 | G8: 98100 | H8: 261500 | I8: 130800 | J8: =IF(SUM(D8:I8)=0,"",SUM(D8:I8)) -> 3269100 | K8: 15-06-2026
B9: Tumakuru | C9: 3008000 | D9: 875400 | E9: 583600 | F9: 1021300 | G9: 87500 | H9: 233400 | I9: 116700 | J9: =IF(SUM(D9:I9)=0,"",SUM(D9:I9)) -> 2917900 | K9: 15-06-2026
B10: Ballari | C10: 2754000 | D10: 801300 | E10: 534200 | F10: 934800 | G10: 80100 | H10: 213700 | I10: 106800 | J10: =IF(SUM(D10:I10)=0,"",SUM(D10:I10)) -> 2670900 | K10: 15-06-2026
B11: Kalaburagi | C11: 2882000 | D11: 838800 | E11: 559200 | F11: 978600 | G11: 83900 | H11: 223700 | I11: 111800 | J11: =IF(SUM(D11:I11)=0,"",SUM(D11:I11)) -> 2796000 | K11: 15-06-2026
B12: Dakshina Kannada | C12: 2346000 | D12: 682800 | E12: 455200 | F12: 796600 | G12: 68300 | H12: 182100 | I12: 91000 | J12: =IF(SUM(D12:I12)=0,"",SUM(D12:I12)) -> 2276000 | K12: 15-06-2026
B13: Dharwad | C13: 2074000 | D13: 603600 | E13: 402400 | F13: 704200 | G13: 60400 | H13: 161000 | I13: 80500 | J13: =IF(SUM(D13:I13)=0,"",SUM(D13:I13)) -> 2012100 | K13: 15-06-2026
B14: Mandya | C14: 2028000 | D14: 590100 | E14: 393400 | F14: 688400 | G14: 59000 | H14: 157400 | I14: 78700 | J14: =IF(SUM(D14:I14)=0,"",SUM(D14:I14)) -> 1967000 | K14: 15-06-2026
B15: Kolar | C15: 1725000 | D15: 501900 | E15: 334600 | F15: 585600 | G15: 50200 | H15: 133800 | I15: 66900 | J15: =IF(SUM(D15:I15)=0,"",SUM(D15:I15)) -> 1673000 | K15: 15-06-2026
B16: Bengaluru Rural | C16: 1113000 | D16: 324000 | E16: 216000 | F16: 378000 | G16: 32400 | H16: 86400 | I16: 43200 | J16: =IF(SUM(D16:I16)=0,"",SUM(D16:I16)) -> 1080000 | K16: 15-06-2026
B17: Ramanagara | C17: 1216000 | D17: 354000 | E17: 236000 | F17: 413000 | G17: 35400 | H17: 94400 | I17: 47200 | J17: =IF(SUM(D17:I17)=0,"",SUM(D17:I17)) -> 1180000 | K17: 15-06-2026
J18: =IF(SUM(D18:I18)=0,"",SUM(D18:I18))
J19: =IF(SUM(D19:I19)=0,"",SUM(D19:I19))
J20: =IF(SUM(D20:I20)=0,"",SUM(D20:I20))
J21: =IF(SUM(D21:I21)=0,"",SUM(D21:I21))
J22: =IF(SUM(D22:I22)=0,"",SUM(D22:I22))
J23: =IF(SUM(D23:I23)=0,"",SUM(D23:I23))
J24: =IF(SUM(D24:I24)=0,"",SUM(D24:I24))
J25: =IF(SUM(D25:I25)=0,"",SUM(D25:I25))
B27: STATE TOTAL | C27: =SUM(C6:C25) -> 38686000 | D27: =SUM(D6:D25) -> 11258100 | E27: =SUM(E6:E25) -> 7505400 | F27: =SUM(F6:F25) -> 13134400 | G27: =SUM(G6:G25) -> 1125900 | H27: =SUM(H6:H25) -> 3002200 | I27: =SUM(I6:I25) -> 1501000 | J27: =SUM(J6:J25) -> 37527000

Sheet 2_Collection_Log
A2: Collection Log
B3: One row per district. 'Generated' auto-pulls from Sheet 1 by district name - keep district names identical across sheets. Collected/EPR figures below are estimates documented in the column-header comments and the '8_Data_Sources_Notes' sheet -- replace with KSPCB collection-centre and EPR-portal records when available.
B5: District | C5: Generated (kg) [from Sheet 1] | D5: Collected (kg) | E5: Registered Collection Centers | F5: EPR Collection Target (kg) | G5: EPR Collection Achieved (kg) | H5: Remarks
B6: Bengaluru Urban | C6: =IFERROR(INDEX('1_Generation_Inventory'!$J$6:$J$25,MATCH(B6,'1_Generation_Inventory'!$B$6:$B$25,0)),0) -> 10479000 | D6: 6811400 | E6: 27 | F6: 6287400 | G6: 5763400 | H6: Collection via registered centers + PRO take-back (estimated); EPR target per E-Waste (Mgmt) Rules 2022 Schedule III @60% for FY2024-25 (illustrative achievement).
B7: Belagavi | C7: =IFERROR(INDEX('1_Generation_Inventory'!$J$6:$J$25,MATCH(B7,'1_Generation_Inventory'!$B$6:$B$25,0)),"") -> 5206000 | D7: 3383900 | E7: 13 | F7: 3123600 | G7: 2863300 | H7: Collection via registered centers + PRO take-back (estimated); EPR target per E-Waste (Mgmt) Rules 2022 Schedule III @60% for FY2024-25 (illustrative achievement).
B8: Mysuru | C8: =IFERROR(INDEX('1_Generation_Inventory'!$J$6:$J$25,MATCH(B8,'1_Generation_Inventory'!$B$6:$B$25,0)),"") -> 3269100 | D8: 2124800 | E8: 8 | F8: 1961400 | G8: 1798000 | H8: Collection via registered centers + PRO take-back (estimated); EPR target per E-Waste (Mgmt) Rules 2022 Schedule III @60% for FY2024-25 (illustrative achievement).
B9: Tumakuru | C9: =IFERROR(INDEX('1_Generation_Inventory'!$J$6:$J$25,MATCH(B9,'1_Generation_Inventory'!$B$6:$B$25,0)),"") -> 2917900 | D9: 1896700 | E9: 8 | F9: 1750800 | G9: 1604900 | H9: Collection via registered centers + PRO take-back (estimated); EPR target per E-Waste (Mgmt) Rules 2022 Schedule III @60% for FY2024-25 (illustrative achievement).
B10: Ballari | C10: =IFERROR(INDEX('1_Generation_Inventory'!$J$6:$J$25,MATCH(B10,'1_Generation_Inventory'!$B$6:$B$25,0)),"") -> 2670900 | D10: 1736200 | E10: 7 | F10: 1602600 | G10: 1469100 | H10: Collection via registered centers + PRO take-back (estimated); EPR target per E-Waste (Mgmt) Rules 2022 Schedule III @60% for FY2024-25 (illustrative achievement).
B11: Kalaburagi | C11: =IFERROR(INDEX('1_Generation_Inventory'!$J$6:$J$25,MATCH(B11,'1_Generation_Inventory'!$B$6:$B$25,0)),"") -> 2796000 | D11: 1817400 | E11: 7 | F11: 1677600 | G11: 1537800 | H11: Collection via registered centers + PRO take-back (estimated); EPR target per E-Waste (Mgmt) Rules 2022 Schedule III @60% for FY2024-25 (illustrative achievement).
B12: Dakshina Kannada | C12: =IFERROR(INDEX('1_Generation_Inventory'!$J$6:$J$25,MATCH(B12,'1_Generation_Inventory'!$B$6:$B$25,0)),"") -> 2276000 | D12: 1479400 | E12: 6 | F12: 1365600 | G12: 1251800 | H12: Collection via registered centers + PRO take-back (estimated); EPR target per E-Waste (Mgmt) Rules 2022 Schedule III @60% for FY2024-25 (illustrative achievement).
B13: Dharwad | C13: =IFERROR(INDEX('1_Generation_Inventory'!$J$6:$J$25,MATCH(B13,'1_Generation_Inventory'!$B$6:$B$25,0)),"") -> 2012100 | D13: 1307800 | E13: 5 | F13: 1207200 | G13: 1106600 | H13: Collection via registered centers + PRO take-back (estimated); EPR target per E-Waste (Mgmt) Rules 2022 Schedule III @60% for FY2024-25 (illustrative achievement).
B14: Mandya | C14: =IFERROR(INDEX('1_Generation_Inventory'!$J$6:$J$25,MATCH(B14,'1_Generation_Inventory'!$B$6:$B$25,0)),"") -> 1967000 | D14: 1278600 | E14: 5 | F14: 1180200 | G14: 1081800 | H14: Collection via registered centers + PRO take-back (estimated); EPR target per E-Waste (Mgmt) Rules 2022 Schedule III @60% for FY2024-25 (illustrative achievement).
B15: Kolar | C15: =IFERROR(INDEX('1_Generation_Inventory'!$J$6:$J$25,MATCH(B15,'1_Generation_Inventory'!$B$6:$B$25,0)),"") -> 1673000 | D15: 1087400 | E15: 4 | F15: 1003800 | G15: 920200 | H15: Collection via registered centers + PRO take-back (estimated); EPR target per E-Waste (Mgmt) Rules 2022 Schedule III @60% for FY2024-25 (illustrative achievement).
B16: Bengaluru Rural | C16: =IFERROR(INDEX('1_Generation_Inventory'!$J$6:$J$25,MATCH(B16,'1_Generation_Inventory'!$B$6:$B$25,0)),"") -> 1080000 | D16: 702000 | E16: 3 | F16: 648000 | G16: 594000 | H16: Collection via registered centers + PRO take-back (estimated); EPR target per E-Waste (Mgmt) Rules 2022 Schedule III @60% for FY2024-25 (illustrative achievement).
B17: Ramanagara | C17: =IFERROR(INDEX('1_Generation_Inventory'!$J$6:$J$25,MATCH(B17,'1_Generation_Inventory'!$B$6:$B$25,0)),"") -> 1180000 | D17: 767000 | E17: 3 | F17: 708000 | G17: 649000 | H17: Collection via registered centers + PRO take-back (estimated); EPR target per E-Waste (Mgmt) Rules 2022 Schedule III @60% for FY2024-25 (illustrative achievement).
C18: =IFERROR(INDEX('1_Generation_Inventory'!$J$6:$J$25,MATCH(B18,'1_Generation_Inventory'!$B$6:$B$25,0)),"")
C19: =IFERROR(INDEX('1_Generation_Inventory'!$J$6:$J$25,MATCH(B19,'1_Generation_Inventory'!$B$6:$B$25,0)),"")
C20: =IFERROR(INDEX('1_Generation_Inventory'!$J$6:$J$25,MATCH(B20,'1_Generation_Inventory'!$B$6:$B$25,0)),"")
C21: =IFERROR(INDEX('1_Generation_Inventory'!$J$6:$J$25,MATCH(B21,'1_Generation_Inventory'!$B$6:$B$25,0)),"")
C22: =IFERROR(INDEX('1_Generation_Inventory'!$J$6:$J$25,MATCH(B22,'1_Generation_Inventory'!$B$6:$B$25,0)),"")
C23: =IFERROR(INDEX('1_Generation_Inventory'!$J$6:$J$25,MATCH(B23,'1_Generation_Inventory'!$B$6:$B$25,0)),"")
C24: =IFERROR(INDEX('1_Generation_Inventory'!$J$6:$J$25,MATCH(B24,'1_Generation_Inventory'!$B$6:$B$25,0)),"")
C25: =IFERROR(INDEX('1_Generation_Inventory'!$J$6:$J$25,MATCH(B25,'1_Generation_Inventory'!$B$6:$B$25,0)),"")
B27: STATE TOTAL | C27: =SUM(C6:C25) -> 37527000 | D27: =SUM(D6:D25) -> 24392600 | E27: =SUM(E6:E25) -> 96 | F27: =SUM(F6:F25) -> 22516200 | G27: =SUM(G6:G25) -> 20639900

Sheet 3_Recycling_Infrastructure
A2: Recycling Infrastructure
B3: One row per CPCB/SPCB-authorized recycler or dismantler operating in the state. Company names and locations are real, drawn from published CPCB/SPCB authorization lists (see '8_Data_Sources_Notes'). Karnataka had 57 registered recyclers in FY2024-25 per CPCB/PIB data -- only a representative subset is listed here; capacity/throughput/recovery-rate cells are estimates where a public figure could not be found (see column comments).
B5: Recycler / Dismantler Name | C5: CPCB/SPCB Authorization No. | D5: District | E5: Installed Capacity (tonnes/yr) | F5: Quantity Processed This Year (tonnes) | G5: Material Recovery Rate (%) | H5: Authorization Valid Till
B6: Cerebra Integrated Technologies Ltd. | C6: Not publicly disclosed | D6: Kolar | E6: 96000 | F6: 13000 | G6: 0.82 | H6: Not publicly disclosed
B7: E-Parisaraa Pvt. Ltd. | C7: Not publicly disclosed | D7: Bengaluru Rural | E7: 15000 | F7: 2500 | G7: 0.7 | H7: Not publicly disclosed
B8: Attero Recycling Pvt. Ltd. (new Bengaluru plant) | C8: Not publicly disclosed | D8: Bengaluru Urban | E8: 25000 | F8: 0 | H8: Not publicly disclosed
B9: Trishyiraya Recycling India Pvt. Ltd. | C9: Not publicly disclosed | D9: Bengaluru Urban | E9: 900 | F9: 650 | G9: 0.65 | H9: Not publicly disclosed
B10: Ramky E-waste Recycling Facility | C10: Not publicly disclosed | D10: Bengaluru Rural | H10: Not publicly disclosed
B11: Ash Recyclers | C11: Not publicly disclosed | D11: Bengaluru Urban | H11: Not publicly disclosed
B12: E-Ward & Co. | C12: Not publicly disclosed | D12: Bengaluru Urban | H12: Not publicly disclosed
B13: Eco-Ewaste Recyclers India Pvt. Ltd. | C13: Not publicly disclosed | D13: Bengaluru Urban | H13: Not publicly disclosed
B14: K.G. Nandini Enterprises | C14: Not publicly disclosed | D14: Ramanagara | H14: Not publicly disclosed
B15: Cerebra Integrated Technologies Ltd. (Peenya EMS unit) | C15: Not publicly disclosed | D15: Bengaluru Urban | H15: Not publicly disclosed
B28: STATE TOTAL | D28: =SUM(D6:D26) -> 0 | E28: =SUM(E6:E26) -> 136900 | F28: =IFERROR(AVERAGE(F6:F26),0) -> 4037.5

Sheet 4_Compliance_Tracker
A2: Compliance Tracker
B3: One row per registered producer / EPR entity operating in the state. Individual producer/PRO compliance, inspection and penalty status is not published by CPCB/KSPCB in a form that could be verified here, so entity names below are GENERIC PLACEHOLDERS (not real companies) illustrating the categories of registrants typically active in Karnataka -- see the '8_Data_Sources_Notes' sheet. Replace every row with actual EPR-portal registrant names and status from KSPCB inspection records before using this sheet for real reporting.
B5: Producer / EPR Entity | C5: EPR Registration No. | D5: Compliance Status | E5: Inspection Planned (Y/N) | F5: Inspection Conducted (Y/N) | G5: Penalty / Show-Cause Issued (Y/N) | H5: Penalty Resolved (Y/N) | I5: Remarks
B6: Producer Entity 1 - IT & Telecom OEM | C6: Not publicly disclosed | D6: Compliant | E6: Yes | F6: Yes | G6: No | H6: N/A | I6: [ILLUSTRATIVE - replace with verified KSPCB/CPCB record]
B7: Producer Entity 2 - Consumer Electronics Brand | C7: Not publicly disclosed | D7: Compliant | E7: Yes | F7: Yes | G7: No | H7: N/A | I7: [ILLUSTRATIVE - replace with verified KSPCB/CPCB record]
B8: Producer Entity 3 - Large Appliance (White Goods) Manufacturer | C8: Not publicly disclosed | D8: Compliant | E8: Yes | F8: Yes | G8: No | H8: N/A | I8: [ILLUSTRATIVE - replace with verified KSPCB/CPCB record]
B9: Producer Entity 4 - Lighting Equipment Producer | C9: Not publicly disclosed | D9: Non-Compliant | E9: Yes | F9: Yes | G9: Yes | H9: No | I9: [ILLUSTRATIVE - replace with verified KSPCB/CPCB record]
B10: Producer Entity 5 - Battery Producer | C10: Not publicly disclosed | D10: Compliant | E10: Yes | F10: No | G10: No | H10: N/A | I10: [ILLUSTRATIVE - replace with verified KSPCB/CPCB record]
B11: Producer Entity 6 - IT & Telecom OEM (2) | C11: Not publicly disclosed | D11: Compliant | E11: Yes | F11: Yes | G11: No | H11: N/A | I11: [ILLUSTRATIVE - replace with verified KSPCB/CPCB record]
B12: Producer Entity 7 - Producer Responsibility Organisation (PRO) | C12: Not publicly disclosed | D12: Non-Compliant | E12: Yes | F12: Yes | G12: Yes | H12: Yes | I12: [ILLUSTRATIVE - replace with verified KSPCB/CPCB record]
B13: Producer Entity 8 - Consumer Electronics Brand (2) | C13: Not publicly disclosed | D13: Compliant | E13: No | F13: No | G13: No | H13: N/A | I13: [ILLUSTRATIVE - replace with verified KSPCB/CPCB record]
B28: Compliant | C28: =COUNTIF(D6:D26,"Compliant") -> 6
B29: Total Registered | C29: =COUNTA(B6:B26) -> 8
B30: Inspections Planned | C30: =COUNTIF(E6:E26,"Yes") -> 7
B31: Inspections Conducted | C31: =COUNTIF(F6:F26,"Yes") -> 6
B32: Penalties Issued | C32: =COUNTIF(G6:G26,"Yes") -> 2
B33: Penalties Resolved | C33: =COUNTIF(H6:H26,"Yes") -> 1

Sheet 5_Informal_Sector_Hotspots
A2: Informal Sector Hotspots
B3: One row per known informal e-waste recycling hotspot/cluster in the state. Cluster names reference real industrial/commercial areas in Karnataka known (from CPCB/SPCB authorization lists and general e-waste literature) to host e-waste recycling activity, but the specific status, worker counts and formalization actions below are ILLUSTRATIVE -- no public, verifiable per-hotspot survey data was found. Replace with KSPCB / urban local body hotspot survey data. See '8_Data_Sources_Notes'.
B5: Hotspot / Informal Cluster Name | C5: District | D5: Status | E5: Estimated Informal Workers | F5: Workers Registered / Trained | G5: Formalization Action Taken | H5: Remarks
B6: Nayandahalli-Mysore Road e-waste corridor | C6: Bengaluru Urban | D6: Partially Formalized | E6: 120 | F6: 40 | G6: Several units in this corridor are KSPCB-authorized dismantlers; informal repair/dismantling activity is reported to continue alongside them (illustrative estimate). | H6: [ILLUSTRATIVE - replace with verified KSPCB/CPCB record]
B7: Peenya Industrial Area periphery | C7: Bengaluru Urban | D7: Under Assessment | E7: 90 | F7: 15 | G7: Survey of informal units in the industrial periphery initiated (illustrative). | H7: [ILLUSTRATIVE - replace with verified KSPCB/CPCB record]
B8: Bommanahalli-Electronic City informal scrap corridor | C8: Bengaluru Urban | D8: Partially Formalized | E8: 75 | F8: 25 | G8: Skill-training and registration drive for scrap workers (illustrative). | H8: [ILLUSTRATIVE - replace with verified KSPCB/CPCB record]
B9: Narasapura-Kolar industrial belt periphery | C9: Kolar | D9: Under Assessment | E9: 50 | F9: 10 | G9: Located near a large-scale authorized recycling facility; informal-sector presence not yet fully mapped (illustrative). | H9: [ILLUSTRATIVE - replace with verified KSPCB/CPCB record]
B10: Dobaspet-Nelamangala corridor | C10: Bengaluru Rural | D10: Partially Formalized | E10: 60 | F10: 20 | G10: Corridor also hosts multiple KSPCB-authorized recyclers (illustrative). | H10: [ILLUSTRATIVE - replace with verified KSPCB/CPCB record]
B11: K.R. Market scrap trading cluster | C11: Bengaluru Urban | D11: Not Formalized | E11: 100 | F11: 0 | G11: Legacy scrap/second-hand electronics trading cluster; formalization action not yet initiated (illustrative). | H11: [ILLUSTRATIVE - replace with verified KSPCB/CPCB record]
B28: Total Hotspots | C28: =COUNTA(B6:B26) -> 6
B29: Formalized/Remediated | C29: =COUNTIF(D6:D26,"Formalized")+COUNTIF(D6:D26,"Remediated") -> 0
B30: Estimated Workers (Total) | C30: =SUM(E6:E26) -> 495
B31: Workers Registered/Trained (Total) | C31: =SUM(F6:F26) -> 110

Sheet 6_Env_Health_Monitoring
A2: Env Health Monitoring
B3: One row per environmental monitoring visit or health camp conducted at a hotspot. Sites mirror the '5_Informal_Sector_Hotspots' sheet; dates, results and beneficiary counts are ILLUSTRATIVE (no public, verifiable KSPCB monitoring log for these sites was found) -- replace with actual KSPCB monitoring and health-camp records. See '8_Data_Sources_Notes'. NOTE: elevated lead/cadmium readings near informal e-waste recycling are a well-documented pattern in independent studies of Indian e-waste clusters generally, even where site-specific Karnataka data is not public.
B5: Site / Hotspot Monitored | C5: District | D5: Monitoring Type | E5: Date | F5: Result | G5: Health Camp Conducted (Y/N) | H5: Beneficiaries Screened | I5: Remarks
B6: Nayandahalli-Mysore Road e-waste corridor | C6: Bengaluru Urban | D6: Soil + Water | E6: 12-02-2026 | F6: Exceeds Limit (Pb) | G6: Yes | H6: 180 | I6: [ILLUSTRATIVE - replace with verified KSPCB/CPCB record]
B7: Peenya Industrial Area periphery | C7: Bengaluru Urban | D7: Air | E7: 20-02-2026 | F7: Within Limits | G7: No | H7: 0 | I7: [ILLUSTRATIVE - replace with verified KSPCB/CPCB record]
B8: Bommanahalli-Electronic City informal scrap corridor | C8: Bengaluru Urban | D8: Soil | E8: 05-03-2026 | F8: Exceeds Limit (Pb, Cd) | G8: Yes | H8: 140 | I8: [ILLUSTRATIVE - replace with verified KSPCB/CPCB record]
B9: Narasapura-Kolar industrial belt periphery | C9: Kolar | D9: Water | E9: 18-03-2026 | F9: Within Limits | G9: No | H9: 0 | I9: [ILLUSTRATIVE - replace with verified KSPCB/CPCB record]
B10: Dobaspet-Nelamangala corridor | C10: Bengaluru Rural | D10: Soil + Water | E10: 02-04-2026 | F10: Exceeds Limit (Pb) | G10: Yes | H10: 95 | I10: [ILLUSTRATIVE - replace with verified KSPCB/CPCB record]
B11: K.R. Market scrap trading cluster | C11: Bengaluru Urban | D11: Air + Soil | E11: 22-04-2026 | F11: Exceeds Limit (heavy metals) | G11: Yes | H11: 160 | I11: [ILLUSTRATIVE - replace with verified KSPCB/CPCB record]
B28: Distinct Sites Monitored | C28: =SUMPRODUCT((B6:B26<>"")/COUNTIF(B6:B26,B6:B26&"")) -> 6
B29: Health Camps Conducted | C29: =COUNTIF(F6:F26,"Yes") -> 0
B30: Total Beneficiaries Screened | C30: =SUM(G6:G26) -> 0

Sheet 7_Awareness_Programs
A2: Awareness Programs
B3: One row per awareness campaign, take-back scheme promotion, or collection drive conducted. Programme names reference the TYPES of organisations that typically run such activity in Karnataka (KSPCB, BBMP/RWAs, PROs, NGOs, corporate CSR/recyclers) -- specific 2025/26 dates and participant counts are ILLUSTRATIVE, as a public, dated log of individual campaigns was not found. Replace with the state's own campaign log. See '8_Data_Sources_Notes'. NOTE: this sheet's 'Collection Drives (School+RWA)' total (row 29) counts values in the DATE column (D), not the TYPE column (E) -- this looks like a formula bug inherited from the original template; the underlying formula was left untouched per the instruction to preserve existing formulas, but you may want to fix it to =COUNTIF(E6:E26,"School Collection Drive")+COUNTIF(E6:E26,"RWA/Community Drive").
B5: Program Name | C5: District | D5: Date | E5: Type | F5: Target Audience | G5: Participants Reached
B6: E-Waste Awareness Drive - Schools (KSPCB) | C6: Bengaluru Urban | D6: 05-01-2026 | E6: School Collection Drive | F6: Students, Grades 6-10 | G6: 1400
B7: Community E-Waste Collection Drive (BBMP/RWA) | C7: Bengaluru Urban | D7: 18-01-2026 | E7: RWA/Community Drive | F7: Residents / Apartment complexes | G7: 950
B8: EPR Producer Take-Back Awareness Workshop (Karo Sambhav-style PRO) | C8: Bengaluru Urban | D8: 10-02-2026 | E8: Producer/PRO Workshop | F8: Bulk consumers, IT companies | G8: 220
B9: Cerebra Green Clean-Up Week | C9: Kolar | D9: 22-02-2026 | E9: Collection Drive | F9: General public, corporates | G9: 600
B10: E-Waste Awareness Campaign - Mysuru | C10: Mysuru | D10: 08-03-2026 | E10: Public Awareness Campaign | F10: General public | G10: 500
B11: Zero-Waste E-Waste Segregation Drive (Saahas-style NGO) | C11: Bengaluru Urban | D11: 20-03-2026 | E11: Collection Drive | F11: Households, offices | G11: 780
B12: College E-Waste Awareness Talk | C12: Dharwad | D12: 02-04-2026 | E12: School Collection Drive | F12: College students | G12: 350
B13: EPR & E-Waste Rules Compliance Seminar | C13: Belagavi | D13: 15-04-2026 | E13: Producer/PRO Workshop | F13: Local producers, dealers | G13: 150
B28: Total Programs Conducted | C28: =COUNTA(B6:B26) -> 8
B29: Collection Drives (School+RWA) | C29: =COUNTIF(D6:D26,"School Collection Drive")+COUNTIF(D6:D26,"RWA/Community Drive") -> 0
B30: Total Participants Reached | C30: =SUM(F6:F26) -> 0

Sheet 8_Data_Sources_Notes
A1: Data Sources, Methodology & Honest Limitations - Karnataka E-Waste Tracker (2025 data)
A3: This tracker was filled in by Claude (Anthropic) using published, cited sources wherever possible, and clearly-flagged illustrative placeholders where per-district / per-entity administrative data is not public. It is a starting draft, not an official KSPCB-certified scorecard. Before using it for any real reporting or decision-making, please verify and replace the flagged rows with actual Karnataka State Pollution Control Board (KSPCB) / CPCB records.
A7: Sheet | B7: What is REAL / sourced | C7: What is ESTIMATED (documented method) | D7: What is ILLUSTRATIVE (not verified - replace)
A8: 1_Generation_Inventory | B8: District names and 2011 Census populations for 12 major Karnataka districts (Census of India 2011). National e-waste generation FY2024-25 = 13,97,955.59 MT and Karnataka's FY2023-24/2024-25 registered-recycler count (41 -> 57) and processed tonnage (20,910.6 -> 16,151.8 MT) - PIB press release / Rajya Sabha reply, 24-Jul-2025 (cpcb data). | C8: 2025 district population = 2011 Census population scaled by state growth factor (2025 state population ~6.86 crore, per Technical Group on Population Projections, MoHFW/NITI Aayog / statisticstimes.com). District total generation = population x 0.97 kg/capita/yr (national generation / national population). Category-wise split (IT&Telecom/Consumer/Large&Small/Lighting/Batteries/Other) uses an indicative WEEE composition assumption. | D8: Only 12 of Karnataka's 31 districts are included (the largest); state total reflects only these 12.
A9: 2_Collection_Log | B9: Generated (kg) links live to Sheet 1. EPR collection target basis (60% for FY2023-24/24-25) - Schedule III, E-Waste (Management) Rules, 2022. | C9: Collected (kg) = 65% of generated; EPR Achieved = 55% of generated (~92% of target); Registered Collection Centres = ~1 per 4 lakh population. All are stated planning assumptions, not measured figures. | D9: None beyond the estimates already flagged.
A10: 3_Recycling_Infrastructure | B10: Company names, districts and CPCB/SPCB-authorization status are real, drawn from a CPCB-sourced Karnataka authorized e-waste recycler/dismantler list (hosted at dste.py.gov.in) and company disclosures (Cerebra ~96,000 MTPA at Narasapura, Kolar; E-Parisaraa ~15,000 MTPA at Dobaspet; Attero's new Bengaluru plant 25,000 MTPA announced Dec-2025). | C10: 'Quantity processed this year' is modelled by splitting Karnataka's verified FY2024-25 total (16,151.8 t, PIB/CPCB) across recyclers with known capacity. | D10: Material recovery rates and processed quantities for recyclers without a public capacity figure; authorization numbers and validity dates (shown as 'Not publicly disclosed').
A11: 4_Compliance_Tracker | B11: General EPR/compliance framework (registration, inspections, environmental compensation) per the E-Waste (Management) Rules, 2022. | C11: - | D11: ALL rows. Entity names are generic placeholders (e.g. 'Producer Entity 1 - IT & Telecom OEM'), not real companies - individual producer/PRO compliance, inspection and penalty status for Karnataka is not published anywhere Claude could verify. Replace entirely with KSPCB/CPCB EPR-portal registrant data.
A12: 5_Informal_Sector_Hotspots | B12: Area/corridor names (Nayandahalli-Mysore Road, Peenya, Bommanahalli-Electronic City, Narasapura-Kolar, Dobaspet-Nelamangala, K.R. Market) are real Bengaluru-area industrial/commercial corridors known to host e-waste recycling activity (per the CPCB authorization list and general e-waste literature). | C12: - | D12: ALL status/worker-count/action fields. No public, verifiable per-hotspot survey exists for Karnataka; these are illustrative placeholders. Replace with KSPCB / urban local body hotspot survey data.
A13: 6_Env_Health_Monitoring | B13: General pattern that informal e-waste recycling is associated with elevated lead/cadmium in soil and health effects on workers is well documented in independent studies of Indian e-waste clusters generally. | C13: - | D13: ALL rows (dates, specific results, health-camp attendance) - illustrative, mirroring the Sheet 5 hotspots. Replace with actual KSPCB monitoring and health-camp records.
A14: 7_Awareness_Programs | B14: Types of organisations that run e-waste awareness activity in Karnataka (KSPCB, BBMP/RWAs, PROs, NGOs, corporate recyclers) are real; Cerebra Green has run public clean-up-week style campaigns in the past. | C14: - | D14: ALL specific programme names/dates/attendance figures - illustrative; no dated public log of individual 2025/26 campaigns was found. Replace with the state's own campaign log.
A15: 0_Scorecard | B15: Formulas and weights are unchanged from the original template you uploaded. | C15: Because Sheets 4-7 are largely illustrative, the computed state score partly reflects placeholder data - treat the current total as a DEMONSTRATION of how the tool works, not a real assessment of Karnataka's e-waste performance, until Sheets 4-7 are replaced with verified KSPCB data. | D15: -
A17: Key sources (full list)
A18: - CPCB/PIB - 'Parliament Question: E-waste processing management', Rajya Sabha reply dated 24-Jul-2025 (national & state-wise generation, registered-recycler counts, processed tonnage FY2023-24 & FY2024-25): https://www.pib.gov.in/PressReleasePage.aspx?PRID=2147876
A19: - E-Waste (Management) Rules, 2022 - EPR collection targets (Schedule III): 60% for FY2023-24 & FY2024-25, 70% for FY2025-26 & FY2026-27, 80% from FY2027-28.
A20: - Census of India 2011 - district population figures (Bengaluru Urban, Belagavi and other districts).
A21: - Population Projections for Indian States 2011-2036 (Technical Group on Population Projections, MoHFW, Government of India), as cited via NITI Aayog's 'Macro and Fiscal Landscape of the State of Karnataka' and statisticstimes.com - used for the ~6.86 crore Karnataka 2025 population estimate.
A22: - List of CPCB/SPCB-authorized e-waste recyclers & dismantlers in Karnataka (hosted at https://dste.py.gov.in/ppcc/pdf/Authorization/E-Waste-Recycler.pdf) - real company names & locations used in Sheet 3.
A23: - Cerebra Integrated Technologies Ltd. - company disclosures on its Narasapura (Kolar) e-waste recycling facility capacity (~96,000-97,000 MTPA).
A24: - E-Parisaraa Pvt. Ltd. - company profile (India's first authorized e-waste recycler, Dobaspet) and third-party capacity estimate (~15,000 MTPA).
A25: - Attero - press coverage of its December 2025 national capacity-expansion announcement, including a new 25,000 MTPA e-waste plant in Bengaluru.
A26: - Karnataka State Pollution Control Board (KSPCB) - general e-waste management remit (methodology page): https://kspcb.karnataka.gov.in/waste-management/e-waste
